{
    "peaksRight": {
        "Peaks": {
            "data": [
                0.0891642481941582,
                0.08522354348996213,
                0.07962757357157206,
                0.07504618803236739,
                0.08205537817690843,
                0.0798227138518609,
                0.07741608958170097,
                0.0742129758124369,
                0.0636941300395868,
                0.07399857933805042
            ],
            "time": [
                1.041773,
                1.592312,
                1.925972,
                2.259631,
                2.609974,
                2.943634,
                3.260611,
                3.577588,
                3.877882,
                4.194858
            ]
        },
        "Valleys": {
            "data": [
                0.029850939571142567,
                0.03080176026449622,
                0.029058492176845443,
                0.028784228800024302,
                0.030163412084242103,
                0.028635799208482183,
                0.03114502428153135,
                0.02913690572087299,
                0.027385619890800416,
                0.02865752639188359
            ],
            "time": [
                1.442165,
                1.775825,
                2.109484,
                2.426461,
                2.776804,
                3.093781,
                3.444124,
                3.777784,
                4.028028,
                4.395054
            ]
        }
    },
    "peaksLeft": {
        "Peaks": {
            "data": [],
            "time": []
        },
        "Valleys": {}
    }
}